<?xml version="1.0" encoding="UTF-8"?>
<GenRun Id="synth_1" LaunchPart="xc7z010clg400-1" LaunchTime="1461601582">
  <File Type="RDS-DCP" Name="mips.dcp"/>
  <File Type="RUN-CONSTRS" Name="$PDATADIR/runs/synth_1/constrs_in.xml"/>
  <File Type="RDS-UTIL-PB" Name="mips_utilization_synth.pb"/>
  <File Type="RUN-SRCS" Name="$PDATADIR/runs/synth_1/sources.xml"/>
  <File Type="RDS-PROPCONSTRS" Name="mips_drc_synth.rpt"/>
  <File Type="PA-TCL" Name="mips.tcl"/>
  <File Type="RUN-STRAT" Name="$PDATADIR/runs/synth_1/synth_1.psg"/>
  <File Type="RDS-RDS" Name="mips.vds"/>
  <File Type="RDS-UTIL" Name="mips_utilization_synth.rpt"/>
  <File Type="VDS-TIMINGSUMMARY" Name="mips_timing_summary_synth.rpt"/>
  <File Type="VDS-TIMING-PB" Name="mips_timing_summary_synth.pb"/>
  <FileSet Name="sources" Type="DesignSrcs" RelSrcDir="$PSRCDIR/sources_1">
    <Filter Type="Srcs"/>
    <File Path="$PSRCDIR/sources_1/imports/if/progcount.v">
      <FileInfo>
        <Attr Name="ImportPath" Val="$PPRDIR/../fuck331/if/progcount.v"/>
        <Attr Name="ImportTime" Val="1461448243"/>
        <Attr Name="UsedIn" Val="synthesis"/>
        <Attr Name="UsedIn" Val="implementation"/>
        <Attr Name="UsedIn" Val="simulation"/>
      </FileInfo>
    </File>
    <File Path="$PSRCDIR/sources_1/imports/if/mem.v">
      <FileInfo>
        <Attr Name="ImportPath" Val="$PPRDIR/../fuck331/if/mem.v"/>
        <Attr Name="ImportTime" Val="1461448243"/>
        <Attr Name="UsedIn" Val="synthesis"/>
        <Attr Name="UsedIn" Val="implementation"/>
        <Attr Name="UsedIn" Val="simulation"/>
      </FileInfo>
    </File>
    <File Path="$PSRCDIR/sources_1/imports/if/incrementer.v">
      <FileInfo>
        <Attr Name="ImportPath" Val="$PPRDIR/../fuck331/if/incrementer.v"/>
        <Attr Name="ImportTime" Val="1461448243"/>
        <Attr Name="UsedIn" Val="synthesis"/>
        <Attr Name="UsedIn" Val="implementation"/>
        <Attr Name="UsedIn" Val="simulation"/>
      </FileInfo>
    </File>
    <File Path="$PSRCDIR/sources_1/imports/if/IF_ID.v">
      <FileInfo>
        <Attr Name="ImportPath" Val="$PPRDIR/../fuck331/if/IF_ID.v"/>
        <Attr Name="ImportTime" Val="1461448243"/>
        <Attr Name="UsedIn" Val="synthesis"/>
        <Attr Name="UsedIn" Val="implementation"/>
        <Attr Name="UsedIn" Val="simulation"/>
      </FileInfo>
    </File>
    <File Path="$PSRCDIR/sources_1/imports/if/2_1_mux.v">
      <FileInfo>
        <Attr Name="ImportPath" Val="$PPRDIR/../fuck331/if/2_1_mux.v"/>
        <Attr Name="ImportTime" Val="1461448243"/>
        <Attr Name="UsedIn" Val="synthesis"/>
        <Attr Name="UsedIn" Val="implementation"/>
        <Attr Name="UsedIn" Val="simulation"/>
      </FileInfo>
    </File>
    <File Path="$PSRCDIR/sources_1/imports/EX/ex_mem.v">
      <FileInfo>
        <Attr Name="ImportPath" Val="$PPRDIR/../fuck331-master/EX/ex_mem.v"/>
        <Attr Name="ImportTime" Val="1461441729"/>
        <Attr Name="UsedIn" Val="synthesis"/>
        <Attr Name="UsedIn" Val="implementation"/>
        <Attr Name="UsedIn" Val="simulation"/>
      </FileInfo>
    </File>
    <File Path="$PSRCDIR/sources_1/imports/EX/ex_adder.v">
      <FileInfo>
        <Attr Name="ImportPath" Val="$PPRDIR/../fuck331-master/EX/ex_adder.v"/>
        <Attr Name="ImportTime" Val="1461441729"/>
        <Attr Name="UsedIn" Val="synthesis"/>
        <Attr Name="UsedIn" Val="implementation"/>
        <Attr Name="UsedIn" Val="simulation"/>
      </FileInfo>
    </File>
    <File Path="$PSRCDIR/sources_1/imports/EX/alu_control.v">
      <FileInfo>
        <Attr Name="ImportPath" Val="$PPRDIR/../fuck331-master/EX/alu_control.v"/>
        <Attr Name="ImportTime" Val="1461441729"/>
        <Attr Name="UsedIn" Val="synthesis"/>
        <Attr Name="UsedIn" Val="implementation"/>
        <Attr Name="UsedIn" Val="simulation"/>
      </FileInfo>
    </File>
    <File Path="$PSRCDIR/sources_1/imports/EX/thirty_two_mux.v">
      <FileInfo>
        <Attr Name="ImportPath" Val="$PPRDIR/../fuck331-master/EX/thirty_two_mux.v"/>
        <Attr Name="ImportTime" Val="1461441729"/>
        <Attr Name="UsedIn" Val="synthesis"/>
        <Attr Name="UsedIn" Val="implementation"/>
        <Attr Name="UsedIn" Val="simulation"/>
      </FileInfo>
    </File>
    <File Path="$PSRCDIR/sources_1/imports/EX/five_mux.v">
      <FileInfo>
        <Attr Name="ImportPath" Val="$PPRDIR/../fuck331-master/EX/five_mux.v"/>
        <Attr Name="ImportTime" Val="1461441729"/>
        <Attr Name="UsedIn" Val="synthesis"/>
        <Attr Name="UsedIn" Val="implementation"/>
        <Attr Name="UsedIn" Val="simulation"/>
      </FileInfo>
    </File>
    <File Path="$PSRCDIR/sources_1/imports/EX/alu.v">
      <FileInfo>
        <Attr Name="ImportPath" Val="$PPRDIR/../fuck331-master/EX/alu.v"/>
        <Attr Name="ImportTime" Val="1461441729"/>
        <Attr Name="UsedIn" Val="synthesis"/>
        <Attr Name="UsedIn" Val="implementation"/>
        <Attr Name="UsedIn" Val="simulation"/>
      </FileInfo>
    </File>
    <File Path="$PSRCDIR/sources_1/imports/ID/ID_EX.v">
      <FileInfo>
        <Attr Name="UsedIn" Val="synthesis"/>
        <Attr Name="UsedIn" Val="implementation"/>
        <Attr Name="UsedIn" Val="simulation"/>
      </FileInfo>
    </File>
    <File Path="$PSRCDIR/sources_1/imports/ID/control.v">
      <FileInfo>
        <Attr Name="UsedIn" Val="synthesis"/>
        <Attr Name="UsedIn" Val="implementation"/>
        <Attr Name="UsedIn" Val="simulation"/>
      </FileInfo>
    </File>
    <File Path="$PSRCDIR/sources_1/imports/ID/register.v">
      <FileInfo>
        <Attr Name="UsedIn" Val="synthesis"/>
        <Attr Name="UsedIn" Val="implementation"/>
        <Attr Name="UsedIn" Val="simulation"/>
      </FileInfo>
    </File>
    <File Path="$PSRCDIR/sources_1/imports/ID/sign_ext.v">
      <FileInfo>
        <Attr Name="UsedIn" Val="synthesis"/>
        <Attr Name="UsedIn" Val="implementation"/>
        <Attr Name="UsedIn" Val="simulation"/>
      </FileInfo>
    </File>
    <File Path="$PSRCDIR/sources_1/imports/if/IF_TOP.v">
      <FileInfo>
        <Attr Name="ImportPath" Val="$PPRDIR/../fuck331/if/IF_TOP.v"/>
        <Attr Name="ImportTime" Val="1461448243"/>
        <Attr Name="UsedIn" Val="synthesis"/>
        <Attr Name="UsedIn" Val="implementation"/>
        <Attr Name="UsedIn" Val="simulation"/>
      </FileInfo>
    </File>
    <File Path="$PSRCDIR/sources_1/imports/EX/EX_top.v">
      <FileInfo>
        <Attr Name="ImportPath" Val="$PPRDIR/../fuck331-master/EX/EX_top.v"/>
        <Attr Name="ImportTime" Val="1461441729"/>
        <Attr Name="UsedIn" Val="synthesis"/>
        <Attr Name="UsedIn" Val="implementation"/>
        <Attr Name="UsedIn" Val="simulation"/>
      </FileInfo>
    </File>
    <File Path="$PSRCDIR/sources_1/imports/ID/ID_top.v">
      <FileInfo>
        <Attr Name="UsedIn" Val="synthesis"/>
        <Attr Name="UsedIn" Val="implementation"/>
        <Attr Name="UsedIn" Val="simulation"/>
      </FileInfo>
    </File>
    <File Path="$PSRCDIR/sources_1/new/mips.v">
      <FileInfo>
        <Attr Name="UsedIn" Val="synthesis"/>
        <Attr Name="UsedIn" Val="implementation"/>
        <Attr Name="UsedIn" Val="simulation"/>
      </FileInfo>
    </File>
    <Config>
      <Option Name="DesignMode" Val="RTL"/>
      <Option Name="TopModule" Val="mips"/>
      <Option Name="TopAutoSet" Val="TRUE"/>
    </Config>
  </FileSet>
  <FileSet Name="constrs_in" Type="Constrs" RelSrcDir="$PSRCDIR/constrs_1">
    <Filter Type="Constrs"/>
    <Config>
      <Option Name="ConstrsType" Val="XDC"/>
    </Config>
  </FileSet>
  <Strategy Version="1" Minor="2">
    <StratHandle Name="Vivado Synthesis Defaults" Flow="Vivado Synthesis 2015"/>
    <Step Id="synth_design"/>
  </Strategy>
</GenRun>
