<?xml version="1.0" encoding="UTF-8"?>
<GenRun Id="impl_1" LaunchPart="xc7z010clg400-1" LaunchTime="1461601582">
  <File Type="OPT-DCP" Name="mips_opt.dcp"/>
  <File Type="RUN-CONSTRS" Name="$PDATADIR/runs/impl_1/constrs_in.xml"/>
  <File Type="RUN-SRCS" Name="$PDATADIR/runs/impl_1/sources.xml"/>
  <File Type="ROUTE-DCP" Name="mips_routed.dcp"/>
  <File Type="PA-TCL" Name="mips.tcl"/>
  <File Type="RUN-STRAT" Name="$PDATADIR/runs/impl_1/impl_1.psg"/>
  <File Type="OPT-DRC" Name="mips_drc_opted.rpt"/>
  <File Type="INIT-TIMING" Name="mips_timing_summary_init.rpt"/>
  <File Type="OPT-TIMING" Name="mips_timing_summary_opted.rpt"/>
  <File Type="OPT-HWDEF" Name="mips.hwdef"/>
  <File Type="PWROPT-DCP" Name="mips_pwropt.dcp"/>
  <File Type="PWROPT-DRC" Name="mips_drc_pwropted.rpt"/>
  <File Type="PWROPT-TIMING" Name="mips_timing_summary_pwropted.rpt"/>
  <File Type="PLACE-DCP" Name="mips_placed.dcp"/>
  <File Type="PLACE-IO" Name="mips_io_placed.rpt"/>
  <File Type="PLACE-CLK" Name="mips_clock_utilization_placed.rpt"/>
  <File Type="PLACE-UTIL" Name="mips_utilization_placed.rpt"/>
  <File Type="PLACE-UTIL-PB" Name="mips_utilization_placed.pb"/>
  <File Type="PLACE-CTRL" Name="mips_control_sets_placed.rpt"/>
  <File Type="PLACE-SIMILARITY" Name="mips_incremental_reuse_placed.rpt"/>
  <File Type="PLACE-PRE-SIMILARITY" Name="mips_incremental_reuse_pre_placed.rpt"/>
  <File Type="PLACE-TIMING" Name="mips_timing_summary_placed.rpt"/>
  <File Type="POSTPLACE-PWROPT-DCP" Name="mips_postplace_pwropt.dcp"/>
  <File Type="POSTPLACE-PWROPT-TIMING" Name="mips_timing_summary_postplace_pwropted.rpt"/>
  <File Type="PHYSOPT-DCP" Name="mips_physopt.dcp"/>
  <File Type="RDI-RDI" Name="mips.vdi"/>
  <File Type="PHYSOPT-DRC" Name="mips_drc_physopted.rpt"/>
  <File Type="PHYSOPT-TIMING" Name="mips_timing_summary_physopted.rpt"/>
  <File Type="ROUTE-DRC" Name="mips_drc_routed.rpt"/>
  <File Type="ROUTE-DRC-PB" Name="mips_drc_routed.pb"/>
  <File Type="ROUTE-PWR" Name="mips_power_routed.rpt"/>
  <File Type="ROUTE-PWR-SUM" Name="mips_power_summary_routed.pb"/>
  <File Type="ROUTE-STATUS" Name="mips_route_status.rpt"/>
  <File Type="ROUTE-STATUS-PB" Name="mips_route_status.pb"/>
  <File Type="ROUTE-TIMINGSUMMARY" Name="mips_timing_summary_routed.rpt"/>
  <File Type="ROUTE-TIMING-PB" Name="mips_timing_summary_routed.pb"/>
  <File Type="ROUTE-TIMING-RPX" Name="mips_timing_summary_routed.rpx"/>
  <File Type="ROUTE-SIMILARITY" Name="mips_incremental_reuse_routed.rpt"/>
  <File Type="ROUTE-CLK" Name="mips_clock_utilization_routed.rpt"/>
  <File Type="POSTROUTE-PHYSOPT-DCP" Name="mips_postroute_physopt.dcp"/>
  <File Type="POSTROUTE-PHYSOPT-TIMING" Name="mips_timing_summary_postroute_physopted.rpt"/>
  <File Type="POSTROUTE-PHYSOPT-TIMING-PB" Name="mips_timing_summary_postroute_physopted.pb"/>
  <File Type="POSTROUTE-PHYSOPT-TIMING-RPX" Name="mips_timing_summary_postroute_physopted.rpx"/>
  <File Type="BG-BIT" Name="mips.bit"/>
  <File Type="BG-BIN" Name="mips.bin"/>
  <File Type="BITSTR-MSK" Name="mips.msk"/>
  <File Type="BITSTR-RBT" Name="mips.rbt"/>
  <File Type="BITSTR-NKY" Name="mips.nky"/>
  <File Type="BITSTR-BMM" Name="mips_bd.bmm"/>
  <File Type="BITSTR-MMI" Name="mips.mmi"/>
  <File Type="BITSTR-SYSDEF" Name="mips.sysdef"/>
  <File Type="BG-BGN" Name="mips.bgn"/>
  <File Type="BG-DRC" Name="mips.drc"/>
  <File Type="WBT-USG" Name="usage_statistics_webtalk.html"/>
  <FileSet Name="sources" Type="DesignSrcs" RelSrcDir="$PSRCDIR/sources_1">
    <Filter Type="Srcs"/>
    <File Path="$PSRCDIR/sources_1/imports/if/progcount.v">
      <FileInfo>
        <Attr Name="ImportPath" Val="$PPRDIR/../fuck331/if/progcount.v"/>
        <Attr Name="ImportTime" Val="1461448243"/>
        <Attr Name="UsedIn" Val="synthesis"/>
        <Attr Name="UsedIn" Val="implementation"/>
        <Attr Name="UsedIn" Val="simulation"/>
      </FileInfo>
    </File>
    <File Path="$PSRCDIR/sources_1/imports/if/mem.v">
      <FileInfo>
        <Attr Name="ImportPath" Val="$PPRDIR/../fuck331/if/mem.v"/>
        <Attr Name="ImportTime" Val="1461448243"/>
        <Attr Name="UsedIn" Val="synthesis"/>
        <Attr Name="UsedIn" Val="implementation"/>
        <Attr Name="UsedIn" Val="simulation"/>
      </FileInfo>
    </File>
    <File Path="$PSRCDIR/sources_1/imports/if/incrementer.v">
      <FileInfo>
        <Attr Name="ImportPath" Val="$PPRDIR/../fuck331/if/incrementer.v"/>
        <Attr Name="ImportTime" Val="1461448243"/>
        <Attr Name="UsedIn" Val="synthesis"/>
        <Attr Name="UsedIn" Val="implementation"/>
        <Attr Name="UsedIn" Val="simulation"/>
      </FileInfo>
    </File>
    <File Path="$PSRCDIR/sources_1/imports/if/IF_ID.v">
      <FileInfo>
        <Attr Name="ImportPath" Val="$PPRDIR/../fuck331/if/IF_ID.v"/>
        <Attr Name="ImportTime" Val="1461448243"/>
        <Attr Name="UsedIn" Val="synthesis"/>
        <Attr Name="UsedIn" Val="implementation"/>
        <Attr Name="UsedIn" Val="simulation"/>
      </FileInfo>
    </File>
    <File Path="$PSRCDIR/sources_1/imports/if/2_1_mux.v">
      <FileInfo>
        <Attr Name="ImportPath" Val="$PPRDIR/../fuck331/if/2_1_mux.v"/>
        <Attr Name="ImportTime" Val="1461448243"/>
        <Attr Name="UsedIn" Val="synthesis"/>
        <Attr Name="UsedIn" Val="implementation"/>
        <Attr Name="UsedIn" Val="simulation"/>
      </FileInfo>
    </File>
    <File Path="$PSRCDIR/sources_1/imports/EX/ex_mem.v">
      <FileInfo>
        <Attr Name="ImportPath" Val="$PPRDIR/../fuck331-master/EX/ex_mem.v"/>
        <Attr Name="ImportTime" Val="1461441729"/>
        <Attr Name="UsedIn" Val="synthesis"/>
        <Attr Name="UsedIn" Val="implementation"/>
        <Attr Name="UsedIn" Val="simulation"/>
      </FileInfo>
    </File>
    <File Path="$PSRCDIR/sources_1/imports/EX/ex_adder.v">
      <FileInfo>
        <Attr Name="ImportPath" Val="$PPRDIR/../fuck331-master/EX/ex_adder.v"/>
        <Attr Name="ImportTime" Val="1461441729"/>
        <Attr Name="UsedIn" Val="synthesis"/>
        <Attr Name="UsedIn" Val="implementation"/>
        <Attr Name="UsedIn" Val="simulation"/>
      </FileInfo>
    </File>
    <File Path="$PSRCDIR/sources_1/imports/EX/alu_control.v">
      <FileInfo>
        <Attr Name="ImportPath" Val="$PPRDIR/../fuck331-master/EX/alu_control.v"/>
        <Attr Name="ImportTime" Val="1461441729"/>
        <Attr Name="UsedIn" Val="synthesis"/>
        <Attr Name="UsedIn" Val="implementation"/>
        <Attr Name="UsedIn" Val="simulation"/>
      </FileInfo>
    </File>
    <File Path="$PSRCDIR/sources_1/imports/EX/thirty_two_mux.v">
      <FileInfo>
        <Attr Name="ImportPath" Val="$PPRDIR/../fuck331-master/EX/thirty_two_mux.v"/>
        <Attr Name="ImportTime" Val="1461441729"/>
        <Attr Name="UsedIn" Val="synthesis"/>
        <Attr Name="UsedIn" Val="implementation"/>
        <Attr Name="UsedIn" Val="simulation"/>
      </FileInfo>
    </File>
    <File Path="$PSRCDIR/sources_1/imports/EX/five_mux.v">
      <FileInfo>
        <Attr Name="ImportPath" Val="$PPRDIR/../fuck331-master/EX/five_mux.v"/>
        <Attr Name="ImportTime" Val="1461441729"/>
        <Attr Name="UsedIn" Val="synthesis"/>
        <Attr Name="UsedIn" Val="implementation"/>
        <Attr Name="UsedIn" Val="simulation"/>
      </FileInfo>
    </File>
    <File Path="$PSRCDIR/sources_1/imports/EX/alu.v">
      <FileInfo>
        <Attr Name="ImportPath" Val="$PPRDIR/../fuck331-master/EX/alu.v"/>
        <Attr Name="ImportTime" Val="1461441729"/>
        <Attr Name="UsedIn" Val="synthesis"/>
        <Attr Name="UsedIn" Val="implementation"/>
        <Attr Name="UsedIn" Val="simulation"/>
      </FileInfo>
    </File>
    <File Path="$PSRCDIR/sources_1/imports/ID/ID_EX.v">
      <FileInfo>
        <Attr Name="UsedIn" Val="synthesis"/>
        <Attr Name="UsedIn" Val="implementation"/>
        <Attr Name="UsedIn" Val="simulation"/>
      </FileInfo>
    </File>
    <File Path="$PSRCDIR/sources_1/imports/ID/control.v">
      <FileInfo>
        <Attr Name="UsedIn" Val="synthesis"/>
        <Attr Name="UsedIn" Val="implementation"/>
        <Attr Name="UsedIn" Val="simulation"/>
      </FileInfo>
    </File>
    <File Path="$PSRCDIR/sources_1/imports/ID/register.v">
      <FileInfo>
        <Attr Name="UsedIn" Val="synthesis"/>
        <Attr Name="UsedIn" Val="implementation"/>
        <Attr Name="UsedIn" Val="simulation"/>
      </FileInfo>
    </File>
    <File Path="$PSRCDIR/sources_1/imports/ID/sign_ext.v">
      <FileInfo>
        <Attr Name="UsedIn" Val="synthesis"/>
        <Attr Name="UsedIn" Val="implementation"/>
        <Attr Name="UsedIn" Val="simulation"/>
      </FileInfo>
    </File>
    <File Path="$PSRCDIR/sources_1/imports/if/IF_TOP.v">
      <FileInfo>
        <Attr Name="ImportPath" Val="$PPRDIR/../fuck331/if/IF_TOP.v"/>
        <Attr Name="ImportTime" Val="1461448243"/>
        <Attr Name="UsedIn" Val="synthesis"/>
        <Attr Name="UsedIn" Val="implementation"/>
        <Attr Name="UsedIn" Val="simulation"/>
      </FileInfo>
    </File>
    <File Path="$PSRCDIR/sources_1/imports/EX/EX_top.v">
      <FileInfo>
        <Attr Name="ImportPath" Val="$PPRDIR/../fuck331-master/EX/EX_top.v"/>
        <Attr Name="ImportTime" Val="1461441729"/>
        <Attr Name="UsedIn" Val="synthesis"/>
        <Attr Name="UsedIn" Val="implementation"/>
        <Attr Name="UsedIn" Val="simulation"/>
      </FileInfo>
    </File>
    <File Path="$PSRCDIR/sources_1/imports/ID/ID_top.v">
      <FileInfo>
        <Attr Name="UsedIn" Val="synthesis"/>
        <Attr Name="UsedIn" Val="implementation"/>
        <Attr Name="UsedIn" Val="simulation"/>
      </FileInfo>
    </File>
    <File Path="$PSRCDIR/sources_1/new/mips.v">
      <FileInfo>
        <Attr Name="UsedIn" Val="synthesis"/>
        <Attr Name="UsedIn" Val="implementation"/>
        <Attr Name="UsedIn" Val="simulation"/>
      </FileInfo>
    </File>
    <Config>
      <Option Name="DesignMode" Val="RTL"/>
      <Option Name="TopModule" Val="mips"/>
      <Option Name="TopAutoSet" Val="TRUE"/>
    </Config>
  </FileSet>
  <FileSet Name="constrs_in" Type="Constrs" RelSrcDir="$PSRCDIR/constrs_1">
    <Filter Type="Constrs"/>
    <Config>
      <Option Name="ConstrsType" Val="XDC"/>
    </Config>
  </FileSet>
  <Strategy Version="1" Minor="2">
    <StratHandle Name="Vivado Implementation Defaults" Flow="Vivado Implementation 2015"/>
    <Step Id="init_design"/>
    <Step Id="opt_design"/>
    <Step Id="power_opt_design"/>
    <Step Id="place_design"/>
    <Step Id="post_place_power_opt_design"/>
    <Step Id="phys_opt_design"/>
    <Step Id="route_design"/>
    <Step Id="post_route_phys_opt_design"/>
    <Step Id="write_bitstream"/>
  </Strategy>
</GenRun>
